{"cameraMode":{"drawMode":0,"name":"Shaded","section":"Shading Mode"},"sceneLighting":true,"audioPlay":false,"sceneViewState":{"m_AlwaysRefresh":false,"showFog":true,"showSkybox":true,"showFlares":true,"showImageEffects":true,"showParticleSystems":true,"showVisualEffectGraphs":true,"m_FxEnabled":true},"in2DMode":false,"pivot":{"x":439.0578918457031,"y":226.59762573242188,"z":22.317718505859376},"rotation":{"x":0.09418098628520966,"y":-0.06118697673082352,"z":0.005799439270049334,"w":0.9936553835868836},"size":312.67864990234377,"orthographic":false}